[
  {
    "Symbol": "USD/JPY",
    "timestamp": "2025-08-01 00:05",
    "open": 150.812,
    "high": 150.898,
    "low": 150.806,
    "close": 150.886,
    "volume": 1656,
    "label": "SELL"
  },
  {
    "Symbol": "USD/JPY",
    "timestamp": "2025-08-01 01:05",
    "open": 150.738,
    "high": 150.887,
    "low": 150.723,
    "close": 150.887,
    "volume": 1519,
    "label": "SELL"
  },
  {
    "Symbol": "USD/JPY",
    "timestamp": "2025-08-01 02:00",
    "open": 150.894,
    "high": 150.918,
    "low": 150.852,
    "close": 150.906,
    "volume": 1146,
    "label": "SELL"
  },
  {
    "Symbol": "USD/JPY",
    "timestamp": "2025-08-01 02:05",
    "open": 150.904,
    "high": 150.914,
    "low": 150.79,
    "close": 150.837,
    "volume": 1315,
    "label": "SELL"
  },
  {
    "Symbol": "USD/JPY",
    "timestamp": "2025-08-01 02:20",
    "open": 150.782,
    "high": 150.821,
    "low": 150.778,
    "close": 150.816,
    "volume": 727,
    "label": "SELL"
  },
  {
    "Symbol": "USD/JPY",
    "timestamp": "2025-08-01 02:25",
    "open": 150.816,
    "high": 150.856,
    "low": 150.784,
    "close": 150.814,
    "volume": 823,
    "label": "SELL"
  },
  {
    "Symbol": "USD/JPY",
    "timestamp": "2025-08-01 02:55",
    "open": 150.769,
    "high": 150.779,
    "low": 150.746,
    "close": 150.76,
    "volume": 555,
    "label": "SELL"
  },
  {
    "Symbol": "USD/JPY",
    "timestamp": "2025-08-01 03:00",
    "open": 150.767,
    "high": 150.786,
    "low": 150.751,
    "close": 150.766,
    "volume": 606,
    "label": "SELL"
  },
  {
    "Symbol": "USD/JPY",
    "timestamp": "2025-08-01 03:25",
    "open": 150.656,
    "high": 150.696,
    "low": 150.654,
    "close": 150.68,
    "volume": 472,
    "label": "SELL"
  },
  {
    "Symbol": "USD/JPY",
    "timestamp": "2025-08-01 03:30",
    "open": 150.68,
    "high": 150.683,
    "low": 150.654,
    "close": 150.667,
    "volume": 384,
    "label": "SELL"
  },
  {
    "Symbol": "USD/JPY",
    "timestamp": "2025-08-01 03:35",
    "open": 150.664,
    "high": 150.676,
    "low": 150.642,
    "close": 150.664,
    "volume": 541,
    "label": "SELL"
  },
  {
    "Symbol": "USD/JPY",
    "timestamp": "2025-08-01 04:25",
    "open": 150.642,
    "high": 150.658,
    "low": 150.638,
    "close": 150.648,
    "volume": 524,
    "label": "SELL"
  },
  {
    "Symbol": "USD/JPY",
    "timestamp": "2025-08-01 04:30",
    "open": 150.646,
    "high": 150.658,
    "low": 150.628,
    "close": 150.646,
    "volume": 510,
    "label": "SELL"
  },
  {
    "Symbol": "USD/JPY",
    "timestamp": "2025-08-01 04:50",
    "open": 150.604,
    "high": 150.646,
    "low": 150.604,
    "close": 150.634,
    "volume": 363,
    "label": "SELL"
  },
  {
    "Symbol": "USD/JPY",
    "timestamp": "2025-08-01 04:55",
    "open": 150.636,
    "high": 150.654,
    "low": 150.61,
    "close": 150.612,
    "volume": 496,
    "label": "SELL"
  },
  {
    "Symbol": "USD/JPY",
    "timestamp": "2025-08-01 05:05",
    "open": 150.609,
    "high": 150.658,
    "low": 150.609,
    "close": 150.657,
    "volume": 690,
    "label": "SELL"
  },
  {
    "Symbol": "USD/JPY",
    "timestamp": "2025-08-01 05:10",
    "open": 150.658,
    "high": 150.659,
    "low": 150.591,
    "close": 150.602,
    "volume": 619,
    "label": "SELL"
  },
  {
    "Symbol": "USD/JPY",
    "timestamp": "2025-08-01 06:45",
    "open": 150.553,
    "high": 150.626,
    "low": 150.518,
    "close": 150.62,
    "volume": 921,
    "label": "SELL"
  },
  {
    "Symbol": "USD/JPY",
    "timestamp": "2025-08-01 06:50",
    "open": 150.622,
    "high": 150.65,
    "low": 150.618,
    "close": 150.619,
    "volume": 516,
    "label": "SELL"
  },
  {
    "Symbol": "USD/JPY",
    "timestamp": "2025-08-01 07:35",
    "open": 150.512,
    "high": 150.604,
    "low": 150.498,
    "close": 150.599,
    "volume": 1233,
    "label": "SELL"
  },
  {
    "Symbol": "USD/JPY",
    "timestamp": "2025-08-01 08:20",
    "open": 150.558,
    "high": 150.602,
    "low": 150.558,
    "close": 150.601,
    "volume": 764,
    "label": "SELL"
  },
  {
    "Symbol": "USD/JPY",
    "timestamp": "2025-08-01 08:25",
    "open": 150.6,
    "high": 150.603,
    "low": 150.564,
    "close": 150.564,
    "volume": 777,
    "label": "SELL"
  },
  {
    "Symbol": "USD/JPY",
    "timestamp": "2025-08-01 08:55",
    "open": 150.584,
    "high": 150.616,
    "low": 150.561,
    "close": 150.611,
    "volume": 836,
    "label": "SELL"
  },
  {
    "Symbol": "USD/JPY",
    "timestamp": "2025-08-01 09:00",
    "open": 150.614,
    "high": 150.63,
    "low": 150.594,
    "close": 150.61,
    "volume": 640,
    "label": "SELL"
  },
  {
    "Symbol": "USD/JPY",
    "timestamp": "2025-08-01 09:05",
    "open": 150.608,
    "high": 150.63,
    "low": 150.546,
    "close": 150.548,
    "volume": 816,
    "label": "SELL"
  },
  {
    "Symbol": "USD/JPY",
    "timestamp": "2025-08-01 12:25",
    "open": 150.496,
    "high": 150.564,
    "low": 150.495,
    "close": 150.548,
    "volume": 1790,
    "label": "SELL"
  },
  {
    "Symbol": "USD/JPY",
    "timestamp": "2025-08-01 12:30",
    "open": 150.55,
    "high": 150.599,
    "low": 150.546,
    "close": 150.553,
    "volume": 1189,
    "label": "SELL"
  },
  {
    "Symbol": "USD/JPY",
    "timestamp": "2025-08-01 12:40",
    "open": 149.264,
    "high": 149.387,
    "low": 149.081,
    "close": 149.27,
    "volume": 8428,
    "label": "SELL"
  },
  {
    "Symbol": "USD/JPY",
    "timestamp": "2025-08-01 12:45",
    "open": 149.272,
    "high": 149.334,
    "low": 148.972,
    "close": 149.02,
    "volume": 7066,
    "label": "SELL"
  },
  {
    "Symbol": "USD/JPY",
    "timestamp": "2025-08-01 13:20",
    "open": 148.241,
    "high": 148.528,
    "low": 148.227,
    "close": 148.493,
    "volume": 6316,
    "label": "SELL"
  },
  {
    "Symbol": "USD/JPY",
    "timestamp": "2025-08-01 13:25",
    "open": 148.491,
    "high": 148.53,
    "low": 148.242,
    "close": 148.358,
    "volume": 5433,
    "label": "SELL"
  }
]