[
  {
    "Symbol": "USD/JPY",
    "timestamp": "2025-08-03 22:05",
    "open": 147.217,
    "high": 147.262,
    "low": 147.06,
    "close": 147.062,
    "volume": 781,
    "label": "BUY"
  },
  {
    "Symbol": "USD/JPY",
    "timestamp": "2025-08-03 23:50",
    "open": 147.238,
    "high": 147.247,
    "low": 147.118,
    "close": 147.122,
    "volume": 1026,
    "label": "BUY"
  },
  {
    "Symbol": "USD/JPY",
    "timestamp": "2025-08-03 23:55",
    "open": 147.126,
    "high": 147.281,
    "low": 147.124,
    "close": 147.272,
    "volume": 858,
    "label": "BUY"
  }
]