[
  {
    "Symbol": "USD/JPY",
    "timestamp": "2025-08-04 08:40",
    "open": 148.036,
    "high": 148.09,
    "low": 148.022,
    "close": 148.058,
    "volume": 1157,
    "label": "SELL"
  },
  {
    "Symbol": "USD/JPY",
    "timestamp": "2025-08-04 08:45",
    "open": 148.058,
    "high": 148.071,
    "low": 148.02,
    "close": 148.028,
    "volume": 1155,
    "label": "SELL"
  },
  {
    "Symbol": "USD/JPY",
    "timestamp": "2025-08-04 08:55",
    "open": 147.948,
    "high": 147.978,
    "low": 147.892,
    "close": 147.894,
    "volume": 1200,
    "label": "SELL"
  },
  {
    "Symbol": "USD/JPY",
    "timestamp": "2025-08-04 10:25",
    "open": 147.794,
    "high": 147.854,
    "low": 147.793,
    "close": 147.838,
    "volume": 928,
    "label": "SELL"
  },
  {
    "Symbol": "USD/JPY",
    "timestamp": "2025-08-04 10:30",
    "open": 147.842,
    "high": 147.845,
    "low": 147.762,
    "close": 147.768,
    "volume": 918,
    "label": "SELL"
  },
  {
    "Symbol": "USD/JPY",
    "timestamp": "2025-08-04 10:40",
    "open": 147.764,
    "high": 147.83,
    "low": 147.751,
    "close": 147.815,
    "volume": 846,
    "label": "SELL"
  },
  {
    "Symbol": "USD/JPY",
    "timestamp": "2025-08-04 10:45",
    "open": 147.817,
    "high": 147.822,
    "low": 147.751,
    "close": 147.776,
    "volume": 849,
    "label": "SELL"
  },
  {
    "Symbol": "USD/JPY",
    "timestamp": "2025-08-04 11:40",
    "open": 147.55,
    "high": 147.566,
    "low": 147.525,
    "close": 147.556,
    "volume": 1128,
    "label": "SELL"
  },
  {
    "Symbol": "USD/JPY",
    "timestamp": "2025-08-04 11:50",
    "open": 147.528,
    "high": 147.573,
    "low": 147.507,
    "close": 147.526,
    "volume": 854,
    "label": "SELL"
  },
  {
    "Symbol": "USD/JPY",
    "timestamp": "2025-08-04 15:25",
    "open": 147.292,
    "high": 147.354,
    "low": 147.284,
    "close": 147.333,
    "volume": 1137,
    "label": "SELL"
  },
  {
    "Symbol": "USD/JPY",
    "timestamp": "2025-08-04 15:35",
    "open": 147.296,
    "high": 147.346,
    "low": 147.28,
    "close": 147.316,
    "volume": 1340,
    "label": "SELL"
  }
]