[
  {
    "Symbol": "USD/JPY",
    "timestamp": "2025-08-05 00:05",
    "open": 146.792,
    "high": 146.792,
    "low": 146.622,
    "close": 146.622,
    "volume": 1588,
    "label": "BUY"
  },
  {
    "Symbol": "USD/JPY",
    "timestamp": "2025-08-05 00:10",
    "open": 146.622,
    "high": 146.756,
    "low": 146.62,
    "close": 146.746,
    "volume": 1014,
    "label": "BUY"
  },
  {
    "Symbol": "USD/JPY",
    "timestamp": "2025-08-05 04:55",
    "open": 147.042,
    "high": 147.044,
    "low": 147.016,
    "close": 147.02,
    "volume": 389,
    "label": "BUY"
  },
  {
    "Symbol": "USD/JPY",
    "timestamp": "2025-08-05 06:30",
    "open": 147.111,
    "high": 147.112,
    "low": 147.032,
    "close": 147.089,
    "volume": 893,
    "label": "BUY"
  },
  {
    "Symbol": "USD/JPY",
    "timestamp": "2025-08-05 07:15",
    "open": 147.238,
    "high": 147.25,
    "low": 147.184,
    "close": 147.193,
    "volume": 1096,
    "label": "BUY"
  },
  {
    "Symbol": "USD/JPY",
    "timestamp": "2025-08-05 07:20",
    "open": 147.194,
    "high": 147.207,
    "low": 147.157,
    "close": 147.196,
    "volume": 1052,
    "label": "BUY"
  }
]