[
  {
    "Symbol": "USD/JPY",
    "timestamp": "2025-08-06 04:35",
    "open": 147.356,
    "high": 147.364,
    "low": 147.307,
    "close": 147.307,
    "volume": 443,
    "label": "BUY"
  },
  {
    "Symbol": "USD/JPY",
    "timestamp": "2025-08-06 04:40",
    "open": 147.308,
    "high": 147.344,
    "low": 147.306,
    "close": 147.316,
    "volume": 545,
    "label": "BUY"
  },
  {
    "Symbol": "USD/JPY",
    "timestamp": "2025-08-06 04:45",
    "open": 147.316,
    "high": 147.374,
    "low": 147.316,
    "close": 147.374,
    "volume": 455,
    "label": "BUY"
  },
  {
    "Symbol": "USD/JPY",
    "timestamp": "2025-08-06 05:00",
    "open": 147.373,
    "high": 147.374,
    "low": 147.328,
    "close": 147.348,
    "volume": 469,
    "label": "BUY"
  },
  {
    "Symbol": "USD/JPY",
    "timestamp": "2025-08-06 06:10",
    "open": 147.408,
    "high": 147.41,
    "low": 147.366,
    "close": 147.382,
    "volume": 954,
    "label": "BUY"
  },
  {
    "Symbol": "USD/JPY",
    "timestamp": "2025-08-06 06:15",
    "open": 147.384,
    "high": 147.416,
    "low": 147.381,
    "close": 147.414,
    "volume": 754,
    "label": "BUY"
  },
  {
    "Symbol": "USD/JPY",
    "timestamp": "2025-08-06 09:10",
    "open": 147.85,
    "high": 147.886,
    "low": 147.848,
    "close": 147.873,
    "volume": 682,
    "label": "SELL"
  },
  {
    "Symbol": "USD/JPY",
    "timestamp": "2025-08-06 09:15",
    "open": 147.872,
    "high": 147.874,
    "low": 147.805,
    "close": 147.806,
    "volume": 900,
    "label": "SELL"
  },
  {
    "Symbol": "USD/JPY",
    "timestamp": "2025-08-06 10:00",
    "open": 147.77,
    "high": 147.827,
    "low": 147.77,
    "close": 147.824,
    "volume": 781,
    "label": "SELL"
  },
  {
    "Symbol": "USD/JPY",
    "timestamp": "2025-08-06 10:05",
    "open": 147.825,
    "high": 147.842,
    "low": 147.806,
    "close": 147.808,
    "volume": 958,
    "label": "SELL"
  },
  {
    "Symbol": "USD/JPY",
    "timestamp": "2025-08-06 10:10",
    "open": 147.807,
    "high": 147.838,
    "low": 147.772,
    "close": 147.804,
    "volume": 1391,
    "label": "SELL"
  },
  {
    "Symbol": "USD/JPY",
    "timestamp": "2025-08-06 10:30",
    "open": 147.685,
    "high": 147.739,
    "low": 147.672,
    "close": 147.738,
    "volume": 587,
    "label": "SELL"
  },
  {
    "Symbol": "USD/JPY",
    "timestamp": "2025-08-06 10:35",
    "open": 147.738,
    "high": 147.756,
    "low": 147.706,
    "close": 147.732,
    "volume": 941,
    "label": "SELL"
  },
  {
    "Symbol": "USD/JPY",
    "timestamp": "2025-08-06 18:45",
    "open": 147.026,
    "high": 147.034,
    "low": 146.977,
    "close": 146.996,
    "volume": 667,
    "label": "BUY"
  },
  {
    "Symbol": "USD/JPY",
    "timestamp": "2025-08-06 18:50",
    "open": 146.995,
    "high": 147.003,
    "low": 146.976,
    "close": 147.002,
    "volume": 503,
    "label": "BUY"
  },
  {
    "Symbol": "USD/JPY",
    "timestamp": "2025-08-06 23:25",
    "open": 147.198,
    "high": 147.201,
    "low": 147.154,
    "close": 147.164,
    "volume": 206,
    "label": "BUY"
  },
  {
    "Symbol": "USD/JPY",
    "timestamp": "2025-08-06 23:30",
    "open": 147.164,
    "high": 147.19,
    "low": 147.164,
    "close": 147.19,
    "volume": 162,
    "label": "BUY"
  }
]