[
  {
    "Symbol": "USD/JPY",
    "timestamp": "2025-08-07 03:20",
    "open": 147.631,
    "high": 147.712,
    "low": 147.629,
    "close": 147.672,
    "volume": 703,
    "label": "SELL"
  },
  {
    "Symbol": "USD/JPY",
    "timestamp": "2025-08-07 03:25",
    "open": 147.671,
    "high": 147.677,
    "low": 147.604,
    "close": 147.604,
    "volume": 598,
    "label": "SELL"
  },
  {
    "Symbol": "USD/JPY",
    "timestamp": "2025-08-07 03:45",
    "open": 147.567,
    "high": 147.602,
    "low": 147.554,
    "close": 147.577,
    "volume": 685,
    "label": "SELL"
  },
  {
    "Symbol": "USD/JPY",
    "timestamp": "2025-08-07 03:50",
    "open": 147.575,
    "high": 147.58,
    "low": 147.492,
    "close": 147.502,
    "volume": 727,
    "label": "SELL"
  },
  {
    "Symbol": "USD/JPY",
    "timestamp": "2025-08-07 04:00",
    "open": 147.481,
    "high": 147.518,
    "low": 147.481,
    "close": 147.514,
    "volume": 583,
    "label": "SELL"
  },
  {
    "Symbol": "USD/JPY",
    "timestamp": "2025-08-07 04:05",
    "open": 147.514,
    "high": 147.536,
    "low": 147.454,
    "close": 147.474,
    "volume": 672,
    "label": "SELL"
  },
  {
    "Symbol": "USD/JPY",
    "timestamp": "2025-08-07 04:15",
    "open": 147.459,
    "high": 147.477,
    "low": 147.447,
    "close": 147.476,
    "volume": 629,
    "label": "SELL"
  },
  {
    "Symbol": "USD/JPY",
    "timestamp": "2025-08-07 04:20",
    "open": 147.475,
    "high": 147.482,
    "low": 147.46,
    "close": 147.466,
    "volume": 515,
    "label": "SELL"
  },
  {
    "Symbol": "USD/JPY",
    "timestamp": "2025-08-07 04:30",
    "open": 147.426,
    "high": 147.448,
    "low": 147.406,
    "close": 147.415,
    "volume": 694,
    "label": "SELL"
  },
  {
    "Symbol": "USD/JPY",
    "timestamp": "2025-08-07 05:45",
    "open": 147.309,
    "high": 147.348,
    "low": 147.3,
    "close": 147.33,
    "volume": 687,
    "label": "SELL"
  },
  {
    "Symbol": "USD/JPY",
    "timestamp": "2025-08-07 05:50",
    "open": 147.33,
    "high": 147.336,
    "low": 147.273,
    "close": 147.282,
    "volume": 611,
    "label": "SELL"
  },
  {
    "Symbol": "USD/JPY",
    "timestamp": "2025-08-07 07:50",
    "open": 146.79,
    "high": 146.802,
    "low": 146.696,
    "close": 146.706,
    "volume": 962,
    "label": "BUY"
  },
  {
    "Symbol": "USD/JPY",
    "timestamp": "2025-08-07 07:55",
    "open": 146.704,
    "high": 146.762,
    "low": 146.69,
    "close": 146.736,
    "volume": 1232,
    "label": "BUY"
  },
  {
    "Symbol": "USD/JPY",
    "timestamp": "2025-08-07 08:00",
    "open": 146.736,
    "high": 146.84,
    "low": 146.736,
    "close": 146.804,
    "volume": 930,
    "label": "BUY"
  },
  {
    "Symbol": "USD/JPY",
    "timestamp": "2025-08-07 19:00",
    "open": 147.552,
    "high": 147.568,
    "low": 147.542,
    "close": 147.567,
    "volume": 695,
    "label": "SELL"
  },
  {
    "Symbol": "USD/JPY",
    "timestamp": "2025-08-07 19:05",
    "open": 147.566,
    "high": 147.568,
    "low": 147.532,
    "close": 147.533,
    "volume": 537,
    "label": "SELL"
  },
  {
    "Symbol": "USD/JPY",
    "timestamp": "2025-08-07 19:10",
    "open": 147.532,
    "high": 147.551,
    "low": 147.522,
    "close": 147.53,
    "volume": 777,
    "label": "SELL"
  }
]