[
  {
    "Symbol": "USD/JPY",
    "timestamp": "2025-08-08 00:00",
    "open": 146.802,
    "high": 146.87,
    "low": 146.79,
    "close": 146.795,
    "volume": 745,
    "label": "BUY"
  },
  {
    "Symbol": "USD/JPY",
    "timestamp": "2025-08-08 00:05",
    "open": 146.796,
    "high": 147.048,
    "low": 146.72,
    "close": 146.99,
    "volume": 2366,
    "label": "BUY"
  },
  {
    "Symbol": "USD/JPY",
    "timestamp": "2025-08-08 00:10",
    "open": 146.988,
    "high": 147.058,
    "low": 146.94,
    "close": 147.012,
    "volume": 1435,
    "label": "BUY"
  },
  {
    "Symbol": "USD/JPY",
    "timestamp": "2025-08-08 00:50",
    "open": 147.067,
    "high": 147.104,
    "low": 147.042,
    "close": 147.062,
    "volume": 972,
    "label": "BUY"
  },
  {
    "Symbol": "USD/JPY",
    "timestamp": "2025-08-08 01:00",
    "open": 147.157,
    "high": 147.194,
    "low": 147.138,
    "close": 147.148,
    "volume": 1209,
    "label": "BUY"
  },
  {
    "Symbol": "USD/JPY",
    "timestamp": "2025-08-08 04:20",
    "open": 147.152,
    "high": 147.152,
    "low": 147.116,
    "close": 147.128,
    "volume": 440,
    "label": "BUY"
  },
  {
    "Symbol": "USD/JPY",
    "timestamp": "2025-08-08 04:25",
    "open": 147.126,
    "high": 147.143,
    "low": 147.12,
    "close": 147.142,
    "volume": 513,
    "label": "BUY"
  },
  {
    "Symbol": "USD/JPY",
    "timestamp": "2025-08-08 04:30",
    "open": 147.145,
    "high": 147.168,
    "low": 147.138,
    "close": 147.16,
    "volume": 667,
    "label": "BUY"
  },
  {
    "Symbol": "USD/JPY",
    "timestamp": "2025-08-08 04:55",
    "open": 147.177,
    "high": 147.18,
    "low": 147.146,
    "close": 147.15,
    "volume": 389,
    "label": "BUY"
  },
  {
    "Symbol": "USD/JPY",
    "timestamp": "2025-08-08 07:10",
    "open": 147.205,
    "high": 147.21,
    "low": 147.136,
    "close": 147.175,
    "volume": 1491,
    "label": "BUY"
  },
  {
    "Symbol": "USD/JPY",
    "timestamp": "2025-08-08 07:15",
    "open": 147.174,
    "high": 147.231,
    "low": 147.172,
    "close": 147.217,
    "volume": 1093,
    "label": "BUY"
  },
  {
    "Symbol": "USD/JPY",
    "timestamp": "2025-08-08 08:20",
    "open": 147.214,
    "high": 147.234,
    "low": 147.16,
    "close": 147.206,
    "volume": 866,
    "label": "BUY"
  },
  {
    "Symbol": "USD/JPY",
    "timestamp": "2025-08-08 08:25",
    "open": 147.205,
    "high": 147.261,
    "low": 147.197,
    "close": 147.228,
    "volume": 1084,
    "label": "BUY"
  }
]