[
  {
    "Symbol": "USD/JPY",
    "timestamp": "2025-08-11 08:00",
    "open": 147.411,
    "high": 147.433,
    "low": 147.357,
    "close": 147.39,
    "volume": 1158,
    "label": "BUY"
  },
  {
    "Symbol": "USD/JPY",
    "timestamp": "2025-08-11 08:05",
    "open": 147.388,
    "high": 147.408,
    "low": 147.355,
    "close": 147.39,
    "volume": 1020,
    "label": "BUY"
  },
  {
    "Symbol": "USD/JPY",
    "timestamp": "2025-08-11 08:15",
    "open": 147.404,
    "high": 147.428,
    "low": 147.365,
    "close": 147.388,
    "volume": 941,
    "label": "BUY"
  },
  {
    "Symbol": "USD/JPY",
    "timestamp": "2025-08-11 09:05",
    "open": 147.507,
    "high": 147.526,
    "low": 147.486,
    "close": 147.504,
    "volume": 694,
    "label": "BUY"
  },
  {
    "Symbol": "USD/JPY",
    "timestamp": "2025-08-11 09:10",
    "open": 147.505,
    "high": 147.537,
    "low": 147.498,
    "close": 147.511,
    "volume": 892,
    "label": "BUY"
  },
  {
    "Symbol": "USD/JPY",
    "timestamp": "2025-08-11 10:25",
    "open": 147.691,
    "high": 147.714,
    "low": 147.666,
    "close": 147.673,
    "volume": 608,
    "label": "BUY"
  },
  {
    "Symbol": "USD/JPY",
    "timestamp": "2025-08-11 10:30",
    "open": 147.672,
    "high": 147.69,
    "low": 147.667,
    "close": 147.68,
    "volume": 565,
    "label": "BUY"
  },
  {
    "Symbol": "USD/JPY",
    "timestamp": "2025-08-11 10:40",
    "open": 147.689,
    "high": 147.7,
    "low": 147.676,
    "close": 147.676,
    "volume": 531,
    "label": "BUY"
  },
  {
    "Symbol": "USD/JPY",
    "timestamp": "2025-08-11 10:45",
    "open": 147.678,
    "high": 147.714,
    "low": 147.677,
    "close": 147.69,
    "volume": 511,
    "label": "BUY"
  },
  {
    "Symbol": "USD/JPY",
    "timestamp": "2025-08-11 13:00",
    "open": 147.841,
    "high": 147.841,
    "low": 147.81,
    "close": 147.811,
    "volume": 632,
    "label": "BUY"
  },
  {
    "Symbol": "USD/JPY",
    "timestamp": "2025-08-11 13:05",
    "open": 147.81,
    "high": 147.836,
    "low": 147.786,
    "close": 147.831,
    "volume": 994,
    "label": "BUY"
  },
  {
    "Symbol": "USD/JPY",
    "timestamp": "2025-08-11 16:25",
    "open": 147.928,
    "high": 147.94,
    "low": 147.917,
    "close": 147.923,
    "volume": 368,
    "label": "BUY"
  },
  {
    "Symbol": "USD/JPY",
    "timestamp": "2025-08-11 16:30",
    "open": 147.922,
    "high": 147.949,
    "low": 147.914,
    "close": 147.942,
    "volume": 397,
    "label": "BUY"
  }
]