[
  {
    "Symbol": "USD/JPY",
    "timestamp": "2025-08-12 12:15",
    "open": 148.46,
    "high": 148.484,
    "low": 148.452,
    "close": 148.482,
    "volume": 905,
    "label": "SELL"
  },
  {
    "Symbol": "USD/JPY",
    "timestamp": "2025-08-12 12:25",
    "open": 148.48,
    "high": 148.496,
    "low": 148.447,
    "close": 148.493,
    "volume": 1031,
    "label": "SELL"
  },
  {
    "Symbol": "USD/JPY",
    "timestamp": "2025-08-12 13:35",
    "open": 148.396,
    "high": 148.447,
    "low": 148.342,
    "close": 148.409,
    "volume": 2992,
    "label": "SELL"
  },
  {
    "Symbol": "USD/JPY",
    "timestamp": "2025-08-12 14:20",
    "open": 148.336,
    "high": 148.402,
    "low": 148.335,
    "close": 148.367,
    "volume": 2506,
    "label": "SELL"
  },
  {
    "Symbol": "USD/JPY",
    "timestamp": "2025-08-12 14:30",
    "open": 148.262,
    "high": 148.332,
    "low": 148.24,
    "close": 148.316,
    "volume": 2328,
    "label": "SELL"
  },
  {
    "Symbol": "USD/JPY",
    "timestamp": "2025-08-12 14:35",
    "open": 148.317,
    "high": 148.36,
    "low": 148.218,
    "close": 148.222,
    "volume": 2542,
    "label": "SELL"
  },
  {
    "Symbol": "USD/JPY",
    "timestamp": "2025-08-12 14:40",
    "open": 148.222,
    "high": 148.239,
    "low": 148.186,
    "close": 148.218,
    "volume": 1903,
    "label": "SELL"
  }
]