[
  {
    "Symbol": "USD/JPY",
    "timestamp": "2025-08-13 00:35",
    "open": 147.77,
    "high": 147.782,
    "low": 147.734,
    "close": 147.738,
    "volume": 535,
    "label": "BUY"
  },
  {
    "Symbol": "USD/JPY",
    "timestamp": "2025-08-13 02:10",
    "open": 148.092,
    "high": 148.15,
    "low": 148.074,
    "close": 148.145,
    "volume": 605,
    "label": "SELL"
  },
  {
    "Symbol": "USD/JPY",
    "timestamp": "2025-08-13 02:20",
    "open": 148.137,
    "high": 148.17,
    "low": 148.122,
    "close": 148.152,
    "volume": 497,
    "label": "SELL"
  },
  {
    "Symbol": "USD/JPY",
    "timestamp": "2025-08-13 03:25",
    "open": 148.062,
    "high": 148.109,
    "low": 148.06,
    "close": 148.092,
    "volume": 486,
    "label": "SELL"
  },
  {
    "Symbol": "USD/JPY",
    "timestamp": "2025-08-13 03:30",
    "open": 148.093,
    "high": 148.096,
    "low": 148.069,
    "close": 148.072,
    "volume": 404,
    "label": "SELL"
  },
  {
    "Symbol": "USD/JPY",
    "timestamp": "2025-08-13 04:35",
    "open": 148.071,
    "high": 148.102,
    "low": 148.062,
    "close": 148.072,
    "volume": 608,
    "label": "SELL"
  },
  {
    "Symbol": "USD/JPY",
    "timestamp": "2025-08-13 04:40",
    "open": 148.072,
    "high": 148.074,
    "low": 148.019,
    "close": 148.032,
    "volume": 510,
    "label": "SELL"
  },
  {
    "Symbol": "USD/JPY",
    "timestamp": "2025-08-13 05:35",
    "open": 147.974,
    "high": 148.003,
    "low": 147.971,
    "close": 148.0,
    "volume": 462,
    "label": "SELL"
  },
  {
    "Symbol": "USD/JPY",
    "timestamp": "2025-08-13 05:45",
    "open": 147.974,
    "high": 147.989,
    "low": 147.958,
    "close": 147.982,
    "volume": 457,
    "label": "SELL"
  },
  {
    "Symbol": "USD/JPY",
    "timestamp": "2025-08-13 07:00",
    "open": 147.764,
    "high": 147.799,
    "low": 147.742,
    "close": 147.786,
    "volume": 934,
    "label": "SELL"
  },
  {
    "Symbol": "USD/JPY",
    "timestamp": "2025-08-13 07:05",
    "open": 147.788,
    "high": 147.795,
    "low": 147.759,
    "close": 147.762,
    "volume": 825,
    "label": "SELL"
  },
  {
    "Symbol": "USD/JPY",
    "timestamp": "2025-08-13 08:00",
    "open": 147.474,
    "high": 147.537,
    "low": 147.474,
    "close": 147.532,
    "volume": 1262,
    "label": "SELL"
  },
  {
    "Symbol": "USD/JPY",
    "timestamp": "2025-08-13 11:40",
    "open": 147.525,
    "high": 147.566,
    "low": 147.51,
    "close": 147.55,
    "volume": 777,
    "label": "SELL"
  },
  {
    "Symbol": "USD/JPY",
    "timestamp": "2025-08-13 11:45",
    "open": 147.551,
    "high": 147.554,
    "low": 147.476,
    "close": 147.504,
    "volume": 1068,
    "label": "SELL"
  },
  {
    "Symbol": "USD/JPY",
    "timestamp": "2025-08-13 18:25",
    "open": 147.492,
    "high": 147.5,
    "low": 147.486,
    "close": 147.498,
    "volume": 370,
    "label": "SELL"
  },
  {
    "Symbol": "USD/JPY",
    "timestamp": "2025-08-13 19:05",
    "open": 147.435,
    "high": 147.476,
    "low": 147.435,
    "close": 147.476,
    "volume": 300,
    "label": "SELL"
  },
  {
    "Symbol": "USD/JPY",
    "timestamp": "2025-08-13 19:15",
    "open": 147.458,
    "high": 147.475,
    "low": 147.454,
    "close": 147.467,
    "volume": 382,
    "label": "SELL"
  },
  {
    "Symbol": "USD/JPY",
    "timestamp": "2025-08-13 20:05",
    "open": 147.446,
    "high": 147.456,
    "low": 147.436,
    "close": 147.452,
    "volume": 335,
    "label": "SELL"
  }
]