[
  {
    "Symbol": "USD/JPY",
    "timestamp": "2025-08-14 06:30",
    "open": 146.239,
    "high": 146.27,
    "low": 146.214,
    "close": 146.234,
    "volume": 1167,
    "label": "BUY"
  },
  {
    "Symbol": "USD/JPY",
    "timestamp": "2025-08-14 06:35",
    "open": 146.234,
    "high": 146.362,
    "low": 146.22,
    "close": 146.311,
    "volume": 1540,
    "label": "BUY"
  },
  {
    "Symbol": "USD/JPY",
    "timestamp": "2025-08-14 07:35",
    "open": 146.39,
    "high": 146.47,
    "low": 146.338,
    "close": 146.338,
    "volume": 1346,
    "label": "BUY"
  },
  {
    "Symbol": "USD/JPY",
    "timestamp": "2025-08-14 07:40",
    "open": 146.338,
    "high": 146.391,
    "low": 146.313,
    "close": 146.342,
    "volume": 1320,
    "label": "BUY"
  },
  {
    "Symbol": "USD/JPY",
    "timestamp": "2025-08-14 08:35",
    "open": 146.474,
    "high": 146.495,
    "low": 146.424,
    "close": 146.462,
    "volume": 1232,
    "label": "BUY"
  },
  {
    "Symbol": "USD/JPY",
    "timestamp": "2025-08-14 08:40",
    "open": 146.46,
    "high": 146.515,
    "low": 146.451,
    "close": 146.502,
    "volume": 879,
    "label": "BUY"
  },
  {
    "Symbol": "USD/JPY",
    "timestamp": "2025-08-14 09:20",
    "open": 146.495,
    "high": 146.516,
    "low": 146.46,
    "close": 146.48,
    "volume": 1063,
    "label": "BUY"
  },
  {
    "Symbol": "USD/JPY",
    "timestamp": "2025-08-14 10:35",
    "open": 146.498,
    "high": 146.526,
    "low": 146.436,
    "close": 146.441,
    "volume": 861,
    "label": "BUY"
  },
  {
    "Symbol": "USD/JPY",
    "timestamp": "2025-08-14 11:15",
    "open": 146.488,
    "high": 146.496,
    "low": 146.436,
    "close": 146.447,
    "volume": 786,
    "label": "BUY"
  },
  {
    "Symbol": "USD/JPY",
    "timestamp": "2025-08-14 12:25",
    "open": 146.552,
    "high": 146.553,
    "low": 146.476,
    "close": 146.486,
    "volume": 1597,
    "label": "BUY"
  },
  {
    "Symbol": "USD/JPY",
    "timestamp": "2025-08-14 12:45",
    "open": 146.853,
    "high": 146.95,
    "low": 146.782,
    "close": 146.792,
    "volume": 3225,
    "label": "BUY"
  },
  {
    "Symbol": "USD/JPY",
    "timestamp": "2025-08-14 12:50",
    "open": 146.792,
    "high": 146.856,
    "low": 146.714,
    "close": 146.847,
    "volume": 2868,
    "label": "BUY"
  },
  {
    "Symbol": "USD/JPY",
    "timestamp": "2025-08-14 13:20",
    "open": 147.07,
    "high": 147.116,
    "low": 146.991,
    "close": 147.088,
    "volume": 2335,
    "label": "BUY"
  },
  {
    "Symbol": "USD/JPY",
    "timestamp": "2025-08-14 18:10",
    "open": 147.932,
    "high": 147.967,
    "low": 147.92,
    "close": 147.957,
    "volume": 594,
    "label": "SELL"
  },
  {
    "Symbol": "USD/JPY",
    "timestamp": "2025-08-14 18:15",
    "open": 147.958,
    "high": 147.958,
    "low": 147.921,
    "close": 147.932,
    "volume": 721,
    "label": "SELL"
  },
  {
    "Symbol": "USD/JPY",
    "timestamp": "2025-08-14 18:25",
    "open": 147.906,
    "high": 147.923,
    "low": 147.897,
    "close": 147.921,
    "volume": 790,
    "label": "SELL"
  },
  {
    "Symbol": "USD/JPY",
    "timestamp": "2025-08-14 18:35",
    "open": 147.876,
    "high": 147.891,
    "low": 147.873,
    "close": 147.891,
    "volume": 405,
    "label": "SELL"
  },
  {
    "Symbol": "USD/JPY",
    "timestamp": "2025-08-14 18:45",
    "open": 147.878,
    "high": 147.906,
    "low": 147.877,
    "close": 147.902,
    "volume": 408,
    "label": "SELL"
  },
  {
    "Symbol": "USD/JPY",
    "timestamp": "2025-08-14 19:00",
    "open": 147.876,
    "high": 147.898,
    "low": 147.862,
    "close": 147.877,
    "volume": 602,
    "label": "SELL"
  },
  {
    "Symbol": "USD/JPY",
    "timestamp": "2025-08-14 19:10",
    "open": 147.838,
    "high": 147.86,
    "low": 147.828,
    "close": 147.834,
    "volume": 687,
    "label": "SELL"
  },
  {
    "Symbol": "USD/JPY",
    "timestamp": "2025-08-14 19:15",
    "open": 147.834,
    "high": 147.841,
    "low": 147.814,
    "close": 147.826,
    "volume": 437,
    "label": "SELL"
  },
  {
    "Symbol": "USD/JPY",
    "timestamp": "2025-08-14 19:30",
    "open": 147.824,
    "high": 147.836,
    "low": 147.814,
    "close": 147.814,
    "volume": 386,
    "label": "SELL"
  },
  {
    "Symbol": "USD/JPY",
    "timestamp": "2025-08-14 19:55",
    "open": 147.785,
    "high": 147.825,
    "low": 147.784,
    "close": 147.824,
    "volume": 360,
    "label": "SELL"
  },
  {
    "Symbol": "USD/JPY",
    "timestamp": "2025-08-14 21:15",
    "open": 147.841,
    "high": 147.863,
    "low": 147.798,
    "close": 147.856,
    "volume": 80,
    "label": "SELL"
  },
  {
    "Symbol": "USD/JPY",
    "timestamp": "2025-08-14 23:15",
    "open": 147.794,
    "high": 147.866,
    "low": 147.794,
    "close": 147.866,
    "volume": 194,
    "label": "SELL"
  },
  {
    "Symbol": "USD/JPY",
    "timestamp": "2025-08-14 23:20",
    "open": 147.866,
    "high": 147.869,
    "low": 147.839,
    "close": 147.842,
    "volume": 183,
    "label": "SELL"
  },
  {
    "Symbol": "USD/JPY",
    "timestamp": "2025-08-14 23:25",
    "open": 147.842,
    "high": 147.844,
    "low": 147.812,
    "close": 147.819,
    "volume": 116,
    "label": "SELL"
  },
  {
    "Symbol": "USD/JPY",
    "timestamp": "2025-08-14 23:30",
    "open": 147.818,
    "high": 147.818,
    "low": 147.794,
    "close": 147.802,
    "volume": 164,
    "label": "SELL"
  },
  {
    "Symbol": "USD/JPY",
    "timestamp": "2025-08-14 23:35",
    "open": 147.8,
    "high": 147.826,
    "low": 147.75,
    "close": 147.78,
    "volume": 325,
    "label": "SELL"
  }
]