[
  {
    "Symbol": "USD/JPY",
    "timestamp": "2025-08-15 00:05",
    "open": 147.686,
    "high": 147.728,
    "low": 147.664,
    "close": 147.71,
    "volume": 1451,
    "label": "SELL"
  },
  {
    "Symbol": "USD/JPY",
    "timestamp": "2025-08-15 00:15",
    "open": 147.642,
    "high": 147.679,
    "low": 147.632,
    "close": 147.65,
    "volume": 520,
    "label": "SELL"
  },
  {
    "Symbol": "USD/JPY",
    "timestamp": "2025-08-15 00:30",
    "open": 147.619,
    "high": 147.666,
    "low": 147.616,
    "close": 147.665,
    "volume": 343,
    "label": "SELL"
  },
  {
    "Symbol": "USD/JPY",
    "timestamp": "2025-08-15 00:35",
    "open": 147.664,
    "high": 147.666,
    "low": 147.622,
    "close": 147.632,
    "volume": 360,
    "label": "SELL"
  },
  {
    "Symbol": "USD/JPY",
    "timestamp": "2025-08-15 00:50",
    "open": 147.632,
    "high": 147.656,
    "low": 147.602,
    "close": 147.644,
    "volume": 625,
    "label": "SELL"
  },
  {
    "Symbol": "USD/JPY",
    "timestamp": "2025-08-15 00:55",
    "open": 147.645,
    "high": 147.658,
    "low": 147.56,
    "close": 147.578,
    "volume": 1216,
    "label": "SELL"
  },
  {
    "Symbol": "USD/JPY",
    "timestamp": "2025-08-15 01:10",
    "open": 147.464,
    "high": 147.516,
    "low": 147.448,
    "close": 147.502,
    "volume": 684,
    "label": "SELL"
  },
  {
    "Symbol": "USD/JPY",
    "timestamp": "2025-08-15 01:15",
    "open": 147.502,
    "high": 147.502,
    "low": 147.432,
    "close": 147.438,
    "volume": 528,
    "label": "SELL"
  },
  {
    "Symbol": "USD/JPY",
    "timestamp": "2025-08-15 01:35",
    "open": 147.408,
    "high": 147.494,
    "low": 147.405,
    "close": 147.411,
    "volume": 878,
    "label": "SELL"
  },
  {
    "Symbol": "USD/JPY",
    "timestamp": "2025-08-15 02:30",
    "open": 147.357,
    "high": 147.396,
    "low": 147.337,
    "close": 147.344,
    "volume": 649,
    "label": "SELL"
  },
  {
    "Symbol": "USD/JPY",
    "timestamp": "2025-08-15 02:35",
    "open": 147.341,
    "high": 147.347,
    "low": 147.274,
    "close": 147.297,
    "volume": 503,
    "label": "SELL"
  },
  {
    "Symbol": "USD/JPY",
    "timestamp": "2025-08-15 02:45",
    "open": 147.273,
    "high": 147.336,
    "low": 147.266,
    "close": 147.33,
    "volume": 621,
    "label": "SELL"
  },
  {
    "Symbol": "USD/JPY",
    "timestamp": "2025-08-15 02:55",
    "open": 147.308,
    "high": 147.34,
    "low": 147.284,
    "close": 147.326,
    "volume": 498,
    "label": "SELL"
  },
  {
    "Symbol": "USD/JPY",
    "timestamp": "2025-08-15 09:20",
    "open": 146.809,
    "high": 146.829,
    "low": 146.757,
    "close": 146.762,
    "volume": 844,
    "label": "BUY"
  },
  {
    "Symbol": "USD/JPY",
    "timestamp": "2025-08-15 09:30",
    "open": 146.794,
    "high": 146.804,
    "low": 146.76,
    "close": 146.782,
    "volume": 668,
    "label": "BUY"
  },
  {
    "Symbol": "USD/JPY",
    "timestamp": "2025-08-15 09:35",
    "open": 146.782,
    "high": 146.837,
    "low": 146.772,
    "close": 146.836,
    "volume": 756,
    "label": "BUY"
  },
  {
    "Symbol": "USD/JPY",
    "timestamp": "2025-08-15 10:05",
    "open": 146.894,
    "high": 146.894,
    "low": 146.804,
    "close": 146.814,
    "volume": 668,
    "label": "BUY"
  },
  {
    "Symbol": "USD/JPY",
    "timestamp": "2025-08-15 13:05",
    "open": 146.889,
    "high": 146.889,
    "low": 146.77,
    "close": 146.854,
    "volume": 2251,
    "label": "BUY"
  },
  {
    "Symbol": "USD/JPY",
    "timestamp": "2025-08-15 14:45",
    "open": 146.831,
    "high": 146.872,
    "low": 146.816,
    "close": 146.827,
    "volume": 1280,
    "label": "BUY"
  },
  {
    "Symbol": "USD/JPY",
    "timestamp": "2025-08-15 14:50",
    "open": 146.826,
    "high": 146.871,
    "low": 146.802,
    "close": 146.84,
    "volume": 1587,
    "label": "BUY"
  },
  {
    "Symbol": "USD/JPY",
    "timestamp": "2025-08-15 15:35",
    "open": 146.904,
    "high": 146.912,
    "low": 146.858,
    "close": 146.898,
    "volume": 1116,
    "label": "BUY"
  },
  {
    "Symbol": "USD/JPY",
    "timestamp": "2025-08-15 15:50",
    "open": 146.942,
    "high": 147.0,
    "low": 146.942,
    "close": 146.977,
    "volume": 943,
    "label": "BUY"
  },
  {
    "Symbol": "USD/JPY",
    "timestamp": "2025-08-15 16:00",
    "open": 147.032,
    "high": 147.04,
    "low": 147.002,
    "close": 147.006,
    "volume": 821,
    "label": "BUY"
  },
  {
    "Symbol": "USD/JPY",
    "timestamp": "2025-08-15 16:25",
    "open": 147.078,
    "high": 147.097,
    "low": 147.064,
    "close": 147.082,
    "volume": 595,
    "label": "BUY"
  }
]