[
  {
    "Symbol": "USD/JPY",
    "timestamp": "2025-08-17 22:20",
    "open": 147.124,
    "high": 147.128,
    "low": 147.084,
    "close": 147.089,
    "volume": 274,
    "label": "BUY"
  },
  {
    "Symbol": "USD/JPY",
    "timestamp": "2025-08-17 22:35",
    "open": 147.138,
    "high": 147.182,
    "low": 147.138,
    "close": 147.16,
    "volume": 205,
    "label": "BUY"
  },
  {
    "Symbol": "USD/JPY",
    "timestamp": "2025-08-17 22:50",
    "open": 147.173,
    "high": 147.182,
    "low": 147.172,
    "close": 147.179,
    "volume": 107,
    "label": "BUY"
  }
]