[
  {
    "Symbol": "USD/JPY",
    "timestamp": "2025-08-18 07:15",
    "open": 147.288,
    "high": 147.29,
    "low": 147.12,
    "close": 147.144,
    "volume": 1474,
    "label": "BUY"
  },
  {
    "Symbol": "USD/JPY",
    "timestamp": "2025-08-18 07:35",
    "open": 147.23,
    "high": 147.24,
    "low": 147.162,
    "close": 147.208,
    "volume": 1050,
    "label": "BUY"
  },
  {
    "Symbol": "USD/JPY",
    "timestamp": "2025-08-18 08:40",
    "open": 147.318,
    "high": 147.32,
    "low": 147.266,
    "close": 147.274,
    "volume": 1028,
    "label": "BUY"
  },
  {
    "Symbol": "USD/JPY",
    "timestamp": "2025-08-18 08:50",
    "open": 147.323,
    "high": 147.324,
    "low": 147.25,
    "close": 147.279,
    "volume": 968,
    "label": "BUY"
  },
  {
    "Symbol": "USD/JPY",
    "timestamp": "2025-08-18 09:15",
    "open": 147.36,
    "high": 147.392,
    "low": 147.339,
    "close": 147.365,
    "volume": 907,
    "label": "BUY"
  },
  {
    "Symbol": "USD/JPY",
    "timestamp": "2025-08-18 09:30",
    "open": 147.409,
    "high": 147.412,
    "low": 147.367,
    "close": 147.392,
    "volume": 757,
    "label": "BUY"
  },
  {
    "Symbol": "USD/JPY",
    "timestamp": "2025-08-18 09:40",
    "open": 147.412,
    "high": 147.42,
    "low": 147.388,
    "close": 147.398,
    "volume": 749,
    "label": "BUY"
  },
  {
    "Symbol": "USD/JPY",
    "timestamp": "2025-08-18 10:05",
    "open": 147.414,
    "high": 147.448,
    "low": 147.382,
    "close": 147.42,
    "volume": 981,
    "label": "BUY"
  },
  {
    "Symbol": "USD/JPY",
    "timestamp": "2025-08-18 10:20",
    "open": 147.419,
    "high": 147.424,
    "low": 147.366,
    "close": 147.422,
    "volume": 672,
    "label": "BUY"
  },
  {
    "Symbol": "USD/JPY",
    "timestamp": "2025-08-18 10:30",
    "open": 147.438,
    "high": 147.463,
    "low": 147.432,
    "close": 147.436,
    "volume": 510,
    "label": "BUY"
  },
  {
    "Symbol": "USD/JPY",
    "timestamp": "2025-08-18 11:00",
    "open": 147.417,
    "high": 147.438,
    "low": 147.417,
    "close": 147.426,
    "volume": 497,
    "label": "BUY"
  },
  {
    "Symbol": "USD/JPY",
    "timestamp": "2025-08-18 11:15",
    "open": 147.421,
    "high": 147.422,
    "low": 147.37,
    "close": 147.403,
    "volume": 600,
    "label": "BUY"
  },
  {
    "Symbol": "USD/JPY",
    "timestamp": "2025-08-18 11:25",
    "open": 147.438,
    "high": 147.45,
    "low": 147.412,
    "close": 147.418,
    "volume": 513,
    "label": "BUY"
  },
  {
    "Symbol": "USD/JPY",
    "timestamp": "2025-08-18 11:30",
    "open": 147.42,
    "high": 147.446,
    "low": 147.408,
    "close": 147.433,
    "volume": 472,
    "label": "BUY"
  }
]