[
  {
    "Symbol": "USD/JPY",
    "timestamp": "2025-08-20 00:15",
    "open": 147.788,
    "high": 147.808,
    "low": 147.778,
    "close": 147.796,
    "volume": 818,
    "label": "SELL"
  },
  {
    "Symbol": "USD/JPY",
    "timestamp": "2025-08-20 00:20",
    "open": 147.796,
    "high": 147.797,
    "low": 147.766,
    "close": 147.772,
    "volume": 672,
    "label": "SELL"
  },
  {
    "Symbol": "USD/JPY",
    "timestamp": "2025-08-20 00:35",
    "open": 147.794,
    "high": 147.818,
    "low": 147.786,
    "close": 147.796,
    "volume": 470,
    "label": "SELL"
  },
  {
    "Symbol": "USD/JPY",
    "timestamp": "2025-08-20 00:45",
    "open": 147.776,
    "high": 147.804,
    "low": 147.77,
    "close": 147.799,
    "volume": 358,
    "label": "SELL"
  },
  {
    "Symbol": "USD/JPY",
    "timestamp": "2025-08-20 00:50",
    "open": 147.798,
    "high": 147.804,
    "low": 147.776,
    "close": 147.776,
    "volume": 474,
    "label": "SELL"
  },
  {
    "Symbol": "USD/JPY",
    "timestamp": "2025-08-20 00:55",
    "open": 147.776,
    "high": 147.784,
    "low": 147.65,
    "close": 147.675,
    "volume": 1227,
    "label": "SELL"
  },
  {
    "Symbol": "USD/JPY",
    "timestamp": "2025-08-20 01:05",
    "open": 147.572,
    "high": 147.645,
    "low": 147.518,
    "close": 147.608,
    "volume": 1246,
    "label": "SELL"
  },
  {
    "Symbol": "USD/JPY",
    "timestamp": "2025-08-20 01:25",
    "open": 147.63,
    "high": 147.666,
    "low": 147.616,
    "close": 147.644,
    "volume": 834,
    "label": "SELL"
  },
  {
    "Symbol": "USD/JPY",
    "timestamp": "2025-08-20 02:10",
    "open": 147.538,
    "high": 147.602,
    "low": 147.538,
    "close": 147.592,
    "volume": 993,
    "label": "SELL"
  },
  {
    "Symbol": "USD/JPY",
    "timestamp": "2025-08-20 02:30",
    "open": 147.513,
    "high": 147.612,
    "low": 147.502,
    "close": 147.61,
    "volume": 656,
    "label": "SELL"
  },
  {
    "Symbol": "USD/JPY",
    "timestamp": "2025-08-20 02:55",
    "open": 147.588,
    "high": 147.6,
    "low": 147.564,
    "close": 147.59,
    "volume": 774,
    "label": "SELL"
  },
  {
    "Symbol": "USD/JPY",
    "timestamp": "2025-08-20 04:55",
    "open": 147.568,
    "high": 147.588,
    "low": 147.566,
    "close": 147.588,
    "volume": 255,
    "label": "SELL"
  },
  {
    "Symbol": "USD/JPY",
    "timestamp": "2025-08-20 07:55",
    "open": 147.636,
    "high": 147.686,
    "low": 147.633,
    "close": 147.659,
    "volume": 1115,
    "label": "SELL"
  },
  {
    "Symbol": "USD/JPY",
    "timestamp": "2025-08-20 08:00",
    "open": 147.662,
    "high": 147.696,
    "low": 147.616,
    "close": 147.626,
    "volume": 1236,
    "label": "SELL"
  },
  {
    "Symbol": "USD/JPY",
    "timestamp": "2025-08-20 08:05",
    "open": 147.627,
    "high": 147.647,
    "low": 147.56,
    "close": 147.575,
    "volume": 1112,
    "label": "SELL"
  },
  {
    "Symbol": "USD/JPY",
    "timestamp": "2025-08-20 08:15",
    "open": 147.565,
    "high": 147.586,
    "low": 147.53,
    "close": 147.584,
    "volume": 843,
    "label": "SELL"
  },
  {
    "Symbol": "USD/JPY",
    "timestamp": "2025-08-20 08:30",
    "open": 147.578,
    "high": 147.589,
    "low": 147.539,
    "close": 147.583,
    "volume": 708,
    "label": "SELL"
  },
  {
    "Symbol": "USD/JPY",
    "timestamp": "2025-08-20 08:40",
    "open": 147.544,
    "high": 147.594,
    "low": 147.526,
    "close": 147.574,
    "volume": 826,
    "label": "SELL"
  },
  {
    "Symbol": "USD/JPY",
    "timestamp": "2025-08-20 08:55",
    "open": 147.57,
    "high": 147.598,
    "low": 147.528,
    "close": 147.596,
    "volume": 622,
    "label": "SELL"
  },
  {
    "Symbol": "USD/JPY",
    "timestamp": "2025-08-20 09:00",
    "open": 147.597,
    "high": 147.623,
    "low": 147.583,
    "close": 147.588,
    "volume": 576,
    "label": "SELL"
  },
  {
    "Symbol": "USD/JPY",
    "timestamp": "2025-08-20 09:05",
    "open": 147.588,
    "high": 147.592,
    "low": 147.538,
    "close": 147.543,
    "volume": 672,
    "label": "SELL"
  },
  {
    "Symbol": "USD/JPY",
    "timestamp": "2025-08-20 09:10",
    "open": 147.542,
    "high": 147.578,
    "low": 147.51,
    "close": 147.511,
    "volume": 534,
    "label": "SELL"
  },
  {
    "Symbol": "USD/JPY",
    "timestamp": "2025-08-20 09:20",
    "open": 147.484,
    "high": 147.504,
    "low": 147.472,
    "close": 147.493,
    "volume": 487,
    "label": "SELL"
  },
  {
    "Symbol": "USD/JPY",
    "timestamp": "2025-08-20 09:30",
    "open": 147.484,
    "high": 147.519,
    "low": 147.484,
    "close": 147.5,
    "volume": 347,
    "label": "SELL"
  },
  {
    "Symbol": "USD/JPY",
    "timestamp": "2025-08-20 10:55",
    "open": 147.459,
    "high": 147.495,
    "low": 147.459,
    "close": 147.487,
    "volume": 444,
    "label": "SELL"
  },
  {
    "Symbol": "USD/JPY",
    "timestamp": "2025-08-20 11:30",
    "open": 147.484,
    "high": 147.506,
    "low": 147.482,
    "close": 147.504,
    "volume": 360,
    "label": "SELL"
  },
  {
    "Symbol": "USD/JPY",
    "timestamp": "2025-08-20 11:45",
    "open": 147.493,
    "high": 147.544,
    "low": 147.48,
    "close": 147.536,
    "volume": 459,
    "label": "SELL"
  },
  {
    "Symbol": "USD/JPY",
    "timestamp": "2025-08-20 11:50",
    "open": 147.536,
    "high": 147.548,
    "low": 147.524,
    "close": 147.535,
    "volume": 301,
    "label": "SELL"
  },
  {
    "Symbol": "USD/JPY",
    "timestamp": "2025-08-20 12:00",
    "open": 147.514,
    "high": 147.55,
    "low": 147.506,
    "close": 147.54,
    "volume": 730,
    "label": "SELL"
  },
  {
    "Symbol": "USD/JPY",
    "timestamp": "2025-08-20 12:05",
    "open": 147.539,
    "high": 147.54,
    "low": 147.458,
    "close": 147.458,
    "volume": 837,
    "label": "SELL"
  },
  {
    "Symbol": "USD/JPY",
    "timestamp": "2025-08-20 13:30",
    "open": 147.38,
    "high": 147.44,
    "low": 147.38,
    "close": 147.414,
    "volume": 766,
    "label": "SELL"
  },
  {
    "Symbol": "USD/JPY",
    "timestamp": "2025-08-20 14:55",
    "open": 147.018,
    "high": 147.04,
    "low": 146.872,
    "close": 146.947,
    "volume": 2463,
    "label": "BUY"
  },
  {
    "Symbol": "USD/JPY",
    "timestamp": "2025-08-20 15:10",
    "open": 146.961,
    "high": 147.036,
    "low": 146.96,
    "close": 146.964,
    "volume": 1114,
    "label": "BUY"
  },
  {
    "Symbol": "USD/JPY",
    "timestamp": "2025-08-20 15:15",
    "open": 146.963,
    "high": 147.037,
    "low": 146.956,
    "close": 147.032,
    "volume": 833,
    "label": "BUY"
  },
  {
    "Symbol": "USD/JPY",
    "timestamp": "2025-08-20 17:30",
    "open": 147.075,
    "high": 147.078,
    "low": 147.054,
    "close": 147.063,
    "volume": 729,
    "label": "BUY"
  },
  {
    "Symbol": "USD/JPY",
    "timestamp": "2025-08-20 18:00",
    "open": 147.058,
    "high": 147.058,
    "low": 147.01,
    "close": 147.026,
    "volume": 517,
    "label": "BUY"
  },
  {
    "Symbol": "USD/JPY",
    "timestamp": "2025-08-20 18:10",
    "open": 147.167,
    "high": 147.188,
    "low": 147.143,
    "close": 147.153,
    "volume": 579,
    "label": "BUY"
  },
  {
    "Symbol": "USD/JPY",
    "timestamp": "2025-08-20 18:15",
    "open": 147.152,
    "high": 147.193,
    "low": 147.152,
    "close": 147.188,
    "volume": 574,
    "label": "BUY"
  },
  {
    "Symbol": "USD/JPY",
    "timestamp": "2025-08-20 18:35",
    "open": 147.202,
    "high": 147.234,
    "low": 147.198,
    "close": 147.214,
    "volume": 516,
    "label": "BUY"
  },
  {
    "Symbol": "USD/JPY",
    "timestamp": "2025-08-20 18:40",
    "open": 147.213,
    "high": 147.246,
    "low": 147.2,
    "close": 147.245,
    "volume": 397,
    "label": "BUY"
  },
  {
    "Symbol": "USD/JPY",
    "timestamp": "2025-08-20 19:00",
    "open": 147.27,
    "high": 147.287,
    "low": 147.261,
    "close": 147.272,
    "volume": 536,
    "label": "BUY"
  },
  {
    "Symbol": "USD/JPY",
    "timestamp": "2025-08-20 19:15",
    "open": 147.266,
    "high": 147.268,
    "low": 147.24,
    "close": 147.244,
    "volume": 364,
    "label": "BUY"
  },
  {
    "Symbol": "USD/JPY",
    "timestamp": "2025-08-20 19:40",
    "open": 147.261,
    "high": 147.264,
    "low": 147.242,
    "close": 147.254,
    "volume": 329,
    "label": "BUY"
  },
  {
    "Symbol": "USD/JPY",
    "timestamp": "2025-08-20 19:45",
    "open": 147.253,
    "high": 147.278,
    "low": 147.251,
    "close": 147.272,
    "volume": 235,
    "label": "BUY"
  },
  {
    "Symbol": "USD/JPY",
    "timestamp": "2025-08-20 19:50",
    "open": 147.272,
    "high": 147.302,
    "low": 147.26,
    "close": 147.295,
    "volume": 442,
    "label": "BUY"
  },
  {
    "Symbol": "USD/JPY",
    "timestamp": "2025-08-20 22:10",
    "open": 147.304,
    "high": 147.304,
    "low": 147.268,
    "close": 147.269,
    "volume": 123,
    "label": "BUY"
  },
  {
    "Symbol": "USD/JPY",
    "timestamp": "2025-08-20 22:15",
    "open": 147.266,
    "high": 147.274,
    "low": 147.256,
    "close": 147.273,
    "volume": 122,
    "label": "BUY"
  }
]